username,num_of_stars,review,time
Indi67,4,"Love the shoe. Size up by one size, had to send mine back but returns are super easy","April 9, 2024"
Gersman,5,Great quality and value for money. Would recommend this to anyone.,"April 9, 2024"
Hannah,5,"They are definitely a lighter tan they look in the photos online, but still cute &amp; a great fit. I wear a women's size 8 and ordered the size 7 in these &amp; they fit perfect.","April 9, 2024"
Zewe,1,"Got the pair with silver stripes but no good, unfortunately. Not sure what adidas was thinking with the tongue design - it's hard, plasticky, and super long. It digs in the ankle and just feels and looks cheap/terrible. There are much better models out there, the gazelles with plastic tongue definitely don't do it for me. Would not recommend.","April 9, 2024"
Srp1,5,Great fit and comfortable. Quality is good too. Would buy again,"April 9, 2024"
Jchristie,5,Would order again perfect fit and look good worth the money,"April 9, 2024"
Beck,5,works with basically any outfit and are comfortable,"April 9, 2024"
Zewe,1,"Got the pair with silver stripes but no good, unfortunately. Not sure what adidas was thinking with the tongue design - it's hard, plasticky, and super long. It digs in the ankle and just feels and looks cheap/terrible. There are much better models out there, the gazelles with plastic tongue definitely don't do it for me. Would not recommend.","April 9, 2024"
Srp1,5,Great fit and comfortable. Quality is good too. Would buy again,"April 9, 2024"
Jchristie,5,Would order again perfect fit and look good worth the money,"April 9, 2024"
Beck,5,works with basically any outfit and are comfortable,"April 9, 2024"
17Jupo,5,Really comfy and go with any outfit. I would recommend these.,"April 9, 2024"
Grone,5,Because it has the Peruvian logo and it‚Äôs what I being looking for long time and finally you made it,"April 8, 2024"
Waso68,5,"They are simply perfect, I love how they fit and how comfortable they are","April 8, 2024"
Jacob,5,Color is exactly what I was looking for to finish my outfit,"April 8, 2024"
Spud,5,I do quite abit of walking  and these were comfy from the first time I put them on better with the gum colour sole.  Doesn‚Äôt look to get so dirty,"April 7, 2024"
Di593,4,"Simple style. Can wear with just about anything. Personally I felt this shoe ran a little small. This is my first pair of adidas. I usually wear Converse or Vans. I wear a 7.5  in women‚Äôs (5.5 in men‚Äôs). I ordered a 7.5 and they were a bit too snug. Had to exchange them for a size 8 and they fit perfectly now.
The only thing that I Dislike about this shoe is the plastic tongue. It creaks/squeaks all the time. And the shoe does have glue in a couple spots. It‚Äôs very noticeable since the shoe is all black but once they are on it‚Äôs not very noticeable","April 7, 2024"
Jacob,5,Color is exactly what I was looking for to finish my outfit,"April 8, 2024"
Spud,5,I do quite abit of walking  and these were comfy from the first time I put them on better with the gum colour sole.  Doesn‚Äôt look to get so dirty,"April 7, 2024"
Di593,4,"Simple style. Can wear with just about anything. Personally I felt this shoe ran a little small. This is my first pair of adidas. I usually wear Converse or Vans. I wear a 7.5  in women‚Äôs (5.5 in men‚Äôs). I ordered a 7.5 and they were a bit too snug. Had to exchange them for a size 8 and they fit perfectly now.
The only thing that I Dislike about this shoe is the plastic tongue. It creaks/squeaks all the time. And the shoe does have glue in a couple spots. It‚Äôs very noticeable since the shoe is all black but once they are on it‚Äôs not very noticeable","April 7, 2024"
Jeremy,4,"Squeaky tongue, but otherwise perfect. Love the colour.","April 7, 2024"
TMontana,3,shoe size was smaller than expected......................,"April 7, 2024"
Pippa,5,"Cannot believe just how comfortable the Gazelle are! Love the retro colour, too.","April 7, 2024"
Dani,3,"Die Schuhe quietschen beim Gehen, die Zunge ist sehr hart und aus ung√ºnstigem Material. Optisch top.","April 7, 2024"
Suze,5,"Arrived super quick, absolutely perfect.  Will be buying more","April 7, 2024"
SC2K,5,"Tried many and this was the winner.  Based on the size guide I would be a 13.5 US, mens but many of these Adidas don't offer but a 13 or 14.  I tried the Samba OG, Special, Stan Smith and finally the Gazelle.  Gotta say the Gazelle is the best fitting for my foot type.  It's definitely wider than the Spezial and Stan Smith which felt very narrow.  The Gazelle felt comfortable right out of the box and would definitely recommend.  Glad I finally found a pair that not only feel comfortable but look very stylish.","April 7, 2024"
BSGG,5,"Great shoes but why are the SL 72 RS sold out? You are Adidas, you make shoes, right?","April 7, 2024"
SC2K,5,"Tried many and this was the winner.  Based on the size guide I would be a 13.5 US, mens but many of these Adidas don't offer but a 13 or 14.  I tried the Samba OG, Special, Stan Smith and finally the Gazelle.  Gotta say the Gazelle is the best fitting for my foot type.  It's definitely wider than the Spezial and Stan Smith which felt very narrow.  The Gazelle felt comfortable right out of the box and would definitely recommend.  Glad I finally found a pair that not only feel comfortable but look very stylish.","April 7, 2024"
BSGG,5,"Great shoes but why are the SL 72 RS sold out? You are Adidas, you make shoes, right?","April 7, 2024"
Sarah,5,Loved the color! Super comfortable and stylish!!!!,"April 7, 2024"
Josi,5,Colour great. Excellent shoes so comfortable and stylish,"April 7, 2024"
JC777LV,5,"Arriba Peru!
These are great for fans of Peru‚Äô national team.","April 7, 2024"
BSGG,5,"Great shoes but why are the SL 72 RS sold out? You are Adidas, you make shoes, right?","April 7, 2024"
Sarah,5,Loved the color! Super comfortable and stylish!!!!,"April 7, 2024"
Josi,5,Colour great. Excellent shoes so comfortable and stylish,"April 7, 2024"
JC777LV,5,"Arriba Peru!
These are great for fans of Peru‚Äô national team.","April 7, 2024"
CMcasa,5,Love the color &amp; the support is nice - no need for inserts (yet)  I like the neutral color that works for my business casual wardrobe,"April 6, 2024"
RedDevil20,5,Fits well and matches my wardrobe during game days,"April 6, 2024"
Cshadow,5,Beautiful show. Great fit. The colors are a perfect match to the jacket,"April 6, 2024"
Gaily,5,This product arrived nicely packaged and fit true to size. Looks great especially with jeans and chinos. Looking forward to getting slot of wear out of them in the summer months.,"April 6, 2024"
Nemia,5,So comfortable and fashionable. I love the color and the style.,"April 6, 2024"
Dozr77,5,"Great colour and very confortable, no need to break them.","April 6, 2024"
RedDevil20,5,Fits well and matches my wardrobe during game days,"April 6, 2024"
Cshadow,5,Beautiful show. Great fit. The colors are a perfect match to the jacket,"April 6, 2024"
Gaily,5,This product arrived nicely packaged and fit true to size. Looks great especially with jeans and chinos. Looking forward to getting slot of wear out of them in the summer months.,"April 6, 2024"
Nemia,5,So comfortable and fashionable. I love the color and the style.,"April 6, 2024"
Dozr77,5,"Great colour and very confortable, no need to break them.","April 6, 2024"
KevinS,4,"Very comfortable right out the box, purchased these for a trip and expect todo some walking but also wanted a sneaker that would look good enough to wear with chinos and a Botton down shirt. Would prefer a softer leather tongue, hence 4 stars instead of 5.","April 5, 2024"
SteelcityG,4,The color and quality is great. But the sides of the white sole quickly turns black from normal wear.,"April 5, 2024"
Alex,4,"Good quality shoes for reasonable price. Stylish, great looking, light and comfy.","April 5, 2024"
Kt30,5,"True to size, very comfortable and supportive. Delivery was fast.","April 5, 2024"
Tosh1901,5,Adidas Gazelle‚Äôs are extremely comfortable and stylish.. I feel like a million dollars whilst wearing them! I would highly recommend them and they come in lots of fabulous colours!,"April 5, 2024"
SteelcityG,4,The color and quality is great. But the sides of the white sole quickly turns black from normal wear.,"April 5, 2024"
Alex,4,"Good quality shoes for reasonable price. Stylish, great looking, light and comfy.","April 5, 2024"
Kt30,5,"True to size, very comfortable and supportive. Delivery was fast.","April 5, 2024"
Tosh1901,5,Adidas Gazelle‚Äôs are extremely comfortable and stylish.. I feel like a million dollars whilst wearing them! I would highly recommend them and they come in lots of fabulous colours!,"April 5, 2024"
Emas,5,Very comfortable and loved the way it goes with every outfit.,"April 5, 2024"
FBarnosa,5,Will buy more colors and a pair for my daughter as well.,"April 5, 2024"
Mateorrr,3,Very good abd good and great yes very good i love it,"April 4, 2024"
Moggy,5,I have been wearing Gazelle's since the 70s and 80s. They are my favourite trainer and I am so happy that they are now available in lovely colours. I have been wearing my burgundy red ones every single day. I also like the arch support which make them very comfortable. I am already planning to buy another pair in a different colour.,"April 4, 2024"
Rob*,5,Got these for my wife for playground duty at school and she is proper made up with them,"April 4, 2024"
Daniel,5,"Good product, good price, great company, highly recommend","April 4, 2024"
Stephv,5,Would love in more colors.  Maybe waterproof ones.,"April 4, 2024"
Onelovebrisson,1,Made well but I ordered 6.5 to small returned it for a 7 an it‚Äôs too big. I‚Äôm over it,"April 4, 2024"
RabDaddy33,5,Love this shoe. Wish there were more colorways - wore them all day at the Amusement Park and no discomfort. All day fun!,"April 3, 2024"
Jamie,5,"Great trainers, wanted a white leather pair instead of usual suede and these were a good choice","April 3, 2024"
Chris,5,Love it! The size fits slightly smaller. I am true size 6 usually in every shoe. But I wear a 5.5 in this one and samba.,"April 3, 2024"
Loz1957,1,Uncomfortable and the tongue rubbed the top of my foot. The tongue is too long. Such a shame as they are so nice to look at but just not comfortable.,"April 3, 2024"
BAG8,5,Very authentic color and velvet green cover made it looks elegant,"April 3, 2024"
TheNu77,5,"Comfortable, casual. Its suddle yet fashionable. I love them!","April 3, 2024"
IanO,5,"Very stylish shoe.  Like a lot of the older style shoes, it perhaps lacks a little of the ultra comfort of modern shoes but, more than makes up for it in terms of look and quality of suede.","April 3, 2024"
Cheerfullight,5,Very comfortable and I love the colour combination. Good that I could purchase my exact size - not all manufacturers do half sizes.,"April 3, 2024"
Loz1957,1,Uncomfortable and the tongue rubbed the top of my foot. The tongue is too long. Such a shame as they are so nice to look at but just not comfortable.,"April 3, 2024"
BAG8,5,Very authentic color and velvet green cover made it looks elegant,"April 3, 2024"
TheNu77,5,"Comfortable, casual. Its suddle yet fashionable. I love them!","April 3, 2024"
IanO,5,"Very stylish shoe.  Like a lot of the older style shoes, it perhaps lacks a little of the ultra comfort of modern shoes but, more than makes up for it in terms of look and quality of suede.","April 3, 2024"
Cheerfullight,5,Very comfortable and I love the colour combination. Good that I could purchase my exact size - not all manufacturers do half sizes.,"April 3, 2024"
Bec91,5,Currently one of the most wanted models and the colour is especially en vogue for spring,"April 3, 2024"
Meggi,5,"great looking, super comfy, quality shoes! very happy!","April 3, 2024"
Janpel,4,"I thought the colour of these Gazelle‚Äôs would be deeper, as pictured, but they‚Äôre more of a dusty burgundy. I know suede is difficult to photograph accurately. Still really like them.","April 3, 2024"
Akl11,5,These shoes are super comfortable and easy to style.,"April 3, 2024"
Clean,5,Favorite thing about the shoe is that it's all black which adidas does not do often,"April 3, 2024"
Vika,5,"Very comfortable shoes, I recommend them, color so beautiful","April 2, 2024"
MAve505,4,"Good initial quality, long-term to be seen. Comfortable shoe. Fashionable.","April 2, 2024"
AliG,5,Bought as a birthday present for my husband. He already has several pairs but won‚Äôt wear anything else.,"April 2, 2024"
Bevb,5,The colourway and colours are vibrant and stand out.  So far have had lots of comments.,"April 2, 2024"
Made23,5,Unfortunately you sent me the wrong colour. I wondered why they didn‚Äôt look as black as my last ones but I cannot return them as I have worn them already.,"April 2, 2024"
Noshoes,1,Adidas shipped the wrong shoe and size.  Sent back the shoes same day they arrived. Waited 7 days and still didn't ship my shoes I ordered and paid for. What a joke. Poor customer service,"April 2, 2024"
omerarizad04,5,I like them because they are very comfortable and fit very well.,"April 2, 2024"
Lucho20,5,"The colors are perfectly combined for any Peruvian fan, this are the shoes","April 2, 2024"
KayTea3,5,"Great shoes, great fit just like they've always been","April 1, 2024"
keops,5,Gazelle always has amazing quality!!! I love it and I am always buying this ones since I was 15 years old!,"April 1, 2024"
Noshoes,1,Adidas shipped the wrong shoe and size.  Sent back the shoes same day they arrived. Waited 7 days and still didn't ship my shoes I ordered and paid for. What a joke. Poor customer service,"April 2, 2024"
omerarizad04,5,I like them because they are very comfortable and fit very well.,"April 2, 2024"
Lucho20,5,"The colors are perfectly combined for any Peruvian fan, this are the shoes","April 2, 2024"
KayTea3,5,"Great shoes, great fit just like they've always been","April 1, 2024"
keops,5,Gazelle always has amazing quality!!! I love it and I am always buying this ones since I was 15 years old!,"April 1, 2024"
Avis,5,"Always had atleast one pair ofnthese always a great classic to have, Would recommend to others","April 1, 2024"
Perucho8,5,Nice colors. Glad Adidas is representing Peru with this clothing line,"April 1, 2024"
bbame,4,These definitely run big I ordered my usual size and they were about a 1/2 size big,"April 1, 2024"
Jayden,5,These shoes are amazing they look amazing and they suit any outfit. The quality is brilliant but one down side is that you have to protect them from the rain and dirt but otherthan that i highly recommened.,"April 1, 2024"
United,4,Super shoes very comfortable and amazing looks good,"April 1, 2024"
Stradaalta,5,The shoe looks fabulous. Love the three green stripes on the white ground.,"April 1, 2024"
Jams,5,Timeless show that works with any outfit and comfortable,"April 1, 2024"
Hello67,5,Wearing them when we are going to go to the football,"March 31, 2024"
PSR17,5,"Glad they haven‚Äôt messed with perfection. 
Comfortable and look good","March 31, 2024"
Sanew,4,"Good reliable shoe, colour great too. Would always recommend gazelles","March 31, 2024"
CJ10,5,Goes with everything. Jeans to shorts to sweats and any color.,"March 31, 2024"
gigi,4,the fabric on the top is really nice. and the color is good quality,"March 31, 2024"
Manda,5,These are cuter than expected on! They fit a little big so size down at least half a size,"March 31, 2024"
April,5,It looks exactly just like the picture I love it will be buying another colour,"March 30, 2024"
Mitch,5,"Hands down my favorite shoe, I‚Äôve been waronf these for over 25 years.","March 30, 2024"
Ceddy1024,5,"It‚Äôs a great quality suede shoe, didn‚Äôt expect the comfort in this vintage shoe.","March 30, 2024"
Korel19,3,"Style is good but the price is on the high side for a pair of synthetic and vulcanized shoes.
The width it good but the length is half size longer compared to other adidas or brand shoes.","March 30, 2024"
JJ2112,5,Perfect shoe for Copa America! Looking forward to wearing these for the first game in the ATL,"March 30, 2024"
Stuart12,3,"I love the shoe but disagree with true to size, I had to go up a size","March 30, 2024"
Mikey,5,Unique! Not many official FPF merchandise available stateside!,"March 30, 2024"
Ceddy1024,5,"It‚Äôs a great quality suede shoe, didn‚Äôt expect the comfort in this vintage shoe.","March 30, 2024"
Korel19,3,"Style is good but the price is on the high side for a pair of synthetic and vulcanized shoes.
The width it good but the length is half size longer compared to other adidas or brand shoes.","March 30, 2024"
JJ2112,5,Perfect shoe for Copa America! Looking forward to wearing these for the first game in the ATL,"March 30, 2024"
Stuart12,3,"I love the shoe but disagree with true to size, I had to go up a size","March 30, 2024"
Mikey,5,Unique! Not many official FPF merchandise available stateside!,"March 30, 2024"
Swerveman,5,Great Quality and perfect summer style addition!!!!,"March 30, 2024"
KM80,5,I just really like their timless design and the vintage vibe and how they look when worn with jeans.,"March 30, 2024"
Stephen,5,Never thought I would find a replacement for the Adidas Samba trainers.,"March 30, 2024"
Monu,5,"Amazing piece, definately loved this article, highly recommended.","March 30, 2024"
APerez,5,"I bought the FPF Peru shoes and these are very beautiful and comfortable. It came with additional red laces and the shoes are overall top quality.

They will match perfectly with the Peruvian Adidas jersey.","March 30, 2024"
yanerhoo,5,I like the color and the style.it's very comfortable,"March 29, 2024"
Pablo,5,Gazelle is always a classic and continues to have unmatched quality and comfort.,"March 29, 2024"
Janie,5,Love the colour and great to be able to get a half size!,"March 29, 2024"
adzz,5,The design is very nice and they fit perfect at size 12,"March 29, 2024"
Pliver,5,Like the colour way very classy and trendy for all use,"March 29, 2024"
Eel901,5,My son really wanted new shoes. He wanted another style but these fit better and were cheaper. Great find!,"March 29, 2024"
WeAreas1,3,Cute‚Ä¶‚Ä¶‚Ä¶‚Ä¶‚Ä¶‚Ä¶‚Ä¶‚Ä¶‚Ä¶.i guess I have to write something to move on,"March 29, 2024"
Jonathav4,5,Great all black shoe goes with anything pretty much,"March 29, 2024"
pattoc,5,Great fit and look!  Very comfortable out of the box and felt ‚Äúbroken in‚Äù super quickly.  Love the color too.,"March 29, 2024"
Ophelia,3,"I wanted to love these, and I *like* them but the tongue!! I was expecting it to be suede like the rest of the shoe, but instead it‚Äôs hard plastic that rubs on your foot. I don‚Äôt know what they were thinking. Haven‚Äôt worn them outside and debating whether to return or see if a cobbler can replace the tongue for me. Ugh.","March 29, 2024"
Eel901,5,My son really wanted new shoes. He wanted another style but these fit better and were cheaper. Great find!,"March 29, 2024"
WeAreas1,3,Cute‚Ä¶‚Ä¶‚Ä¶‚Ä¶‚Ä¶‚Ä¶‚Ä¶‚Ä¶‚Ä¶.i guess I have to write something to move on,"March 29, 2024"
Jonathav4,5,Great all black shoe goes with anything pretty much,"March 29, 2024"
pattoc,5,Great fit and look!  Very comfortable out of the box and felt ‚Äúbroken in‚Äù super quickly.  Love the color too.,"March 29, 2024"
Ophelia,3,"I wanted to love these, and I *like* them but the tongue!! I was expecting it to be suede like the rest of the shoe, but instead it‚Äôs hard plastic that rubs on your foot. I don‚Äôt know what they were thinking. Haven‚Äôt worn them outside and debating whether to return or see if a cobbler can replace the tongue for me. Ugh.","March 29, 2024"
Carlos1501,5,Classic adidas.. had my first pair in late 80s.. love adidas ..,"March 28, 2024"
RedGaz,5,Love the color scheme with red popping with sharp white sneaker.,"March 28, 2024"
Dodgrfan,5,I highly recommend this product especially if you like United and adidas,"March 28, 2024"
coolzedred,5,"Well made
High instep narrow fit and comfy
Very smart","March 28, 2024"
SusieH,4,"Comfortable and elegant, only downside in the plastic tongue, which makes them painful without socks.","March 28, 2024"
Seannieblue,5,"Just what I have been looking for, for years and even better I got the personalised with POPZ 1946 on the left trainer &amp; POPZ 2022 on the right trainer in memory of my Dad.","March 28, 2024"
Agri,5,Great style and actually your feet looks petite in those!,"March 28, 2024"
StudioEight,5,"Great fit, and super comfortable, never have them off.","March 28, 2024"
Dony,5,The quality is remarkable .it is well worth the money.,"March 28, 2024"
Mari,5,I‚Äôve been a fan since my tennis high school days :) Adidas shoes are timeless. I can‚Äôt wait to collect them all! :),"March 28, 2024"
LsPh,5,I love the color combination and the material  they are made of.,"March 26, 2024"
Cnrb,2,"The tongue is incredibly squeaky, after two months of minimal use the heel is falling apart. Not worth the money, poor quality.","March 26, 2024"
Gibbo,5,Love gazelle been wearing them for years made to last,"March 26, 2024"
Andy,5,Quality as usual another pair added to my collection.,"March 26, 2024"
Stocky2512,5,"I have a number of Gazelles shoes, I purchased these shoes for the color. A great fit would recommend","March 26, 2024"
RM24,5,Beautiful shoes for my favorite team. A fan‚Äôs must have.,"March 28, 2024"
lclagrace,5,nice i dunno they were nice fit well too i like them,"March 27, 2024"
NoNaRa33,5,"Incredibly comfortable, making them perfect for all-day wear.","March 27, 2024"
CRR2023,5,"Fit is perfect, super comfortable and can be worn with anything! So many compliments!!","March 27, 2024"
Cesar455,3,Good shoes nice looking shoe comfortable to wear on feet,"March 27, 2024"
Richard,5,"They are so perfect, I love them 
I love all the colors","March 26, 2024"
Dazza,5,They look great and feel even better. Thoroughly recommend,"March 26, 2024"
PC41,5,"Nice trainers. Look the same as the photos. Will buy in other colours.
Delivered on time.","March 26, 2024"
EL85,5,"Would recommend, great fit and now buying all colour ways","March 26, 2024"
Chato,5,Great sneakers very stylish and I get to rep my country,"March 26, 2024"
Flea,5,Nice shoes!! Super comfortable and stylish. Look good in shorts or pants,"March 25, 2024"
Gooner27,5,"So, mid Jelq (In class) I looked over at my friends Chrome Book and I saw these amazing Arsenal Gazelle shoes. I Couldn't help myself I instantly busted and gooned to these shoes. Truly a Gooner at heart thank you Adidas, and thank you Arsenal","March 25, 2024"
Singh31,5,Great pair of shoes goes with everything comfortable and look great,"March 25, 2024"
Mitch,5,"Belle et confortable √©t jolie finition, belle adidas...","March 25, 2024"
EmzB,5,Good stylish pair of shoes that are very comfortable,"March 25, 2024"
Talia,5,The colors are amazing !  Gazelle are a must have.,"March 25, 2024"
Tara79,5,Fantastic colour that goes with everything!  (Plus the usual Adidas comfortable fit and quality as a given!)  I feel my feet can sometimes look a bit large in the white (especially when clean) and the black is great as well but stark -- this colour great with lighter denim and floaty dresses -- - amazing in-between addition!,"March 25, 2024"
Davidmci,5,They are a decent price they fit almost any style if any of the girls see you in them they‚Äôll be coming right over,"March 25, 2024"
Sue1,5,Gorgeous colour.  lovely material.  would definitely recommend.,"March 25, 2024"
ashweigh,5,Love the classic Gazelles. I have always wanted to buy a pair and I‚Äôm really happy with my choice,"March 25, 2024"
BigYankeeFan,5,"I love these sneakers! They are comfortable and the materials are top-notch. The only issue is that gazelles seem to fit me a little big, but that problem is easily solved by ordering a half size down. I will always be a fan of these sneakers, as well as all my other Adidas sneakers!!","March 25, 2024"
Angie,5,Love them so much and so many compliments re my initials,"March 24, 2024"
ItsMe,5,"These are a Perfect fit and true to size.
Great new colour.","March 24, 2024"
Goon,5,Fantastic quality great comfort comes with yellow and blue laces great for all the Gooners out there,"March 24, 2024"
Black,5,I am happy with my purchase and my feet don‚Äôt hurt!!,"March 24, 2024"
CharmedOne,5,"Love these shoes! I wear them with dresses, shorts, jeans, and dressy pants. They go with everything! I get many compliments on them.","March 24, 2024"
Mon80,5,"The colour is great. Having bought a pair a few years ago at my usual size (uk6) they came up small, so I went half a size up for these and they fir perfectly. Very happy with my purchase!","March 24, 2024"
Bgood,5,Peru!  Love the classic style and comfort of the gazelle while supporting the team!,"March 24, 2024"
Rob2dmax,5,Great show and love how versatile they are with the color palette to work with any clothes I decide to wear.,"March 24, 2024"
CatM,1,"Ordered 2 pairs, got a notification arriving early. Sat at airport for 3 days, said delivered at 5 in the morning, but no evidence on cams that there was even an attempt. Now waiting with no evidence besides my screen captures that I've filled a complaint. They ""may issue a refund"". But I'm the meantime, I should just go buy the shoes at my local Adidas store. 
1) send me documentation
2) don't use your own questionable delivery service (really, 5 am at the beginning of a snow storm after sitting for 3 days with no update on texting)
3) if I had time to go to the store, I would have already gone! But, no time, not in stock in the size color I want. 

Take home, love the shoes, but buy through some one else or at a store. Do not buy through the online store. 

Now I've a 3 week trip starting without the shoes I ordered over 10 days ago that were supposed to be here 5 days ago. And when you have a broken for and 2 messed up knees over the course of the last year... It's not like just any shoes will do! 

Do better Adidas, do better.","March 23, 2024"
zeuss,5,"Great purchase but you should size down, but if you didnt do a method with the laces","March 23, 2024"
ALW53,5,These shoes are comfortable to wear and the colour is fantastic.,"March 23, 2024"
Terri,5,The colour and real retro feel to them stand out in the crowd,"March 23, 2024"
Seabo,5,Great style and really comfortable to wear with just about anything,"March 23, 2024"
e1234,5,nice colours to choose from and very comfortable :),"March 23, 2024"
Auldboy,5,Expected quality and fit you would get from Adidas,"March 23, 2024"
Violette01,5,"Super coloris, super rendu du cuir ,fait tres style","March 23, 2024"
KS12,3,"Love the shoes, hate the tongue. The tongue scrapes against my skin causing irritation and minor, inconvenient abrasions.","March 23, 2024"
Sash,5,Stylish and comfortable. These shoes match with everything.,"March 23, 2024"
alioop,5,"I tried the samba, but feel the gazelle is more comfortable. I like the all white because you can wear it with anything dressed up or down. I would love to see it with a touch of silver letters to replace my old Samoa style. I still get compliments on that shoe. Metallic gold or silver stripes would be a cool feature too. I would get those in a heartbeat.","March 23, 2024"
Kat7,5,I love the color way and style of the shoe. I will be buying more!,"March 23, 2024"
IdaS,5,"Really comfy shoes, true to size and so cool! I like the taupe beige colour.","March 22, 2024"
Marco,5,Must have for Mexico fans. Great quality and colors,"March 22, 2024"
Paliysm,5,"Stylish,comfortable,unique,light on the feet
It was my dream for a long time
And now I‚Äôm ready to sleep with them","March 22, 2024"
TonyK,4,"A good reliable classic‚Ä¶‚Ä¶‚Ä¶‚Ä¶‚Ä¶‚Ä¶‚Ä¶ ‚Ä¶‚Ä¶                       ‚Ä¶‚Ä¶‚Ä¶..
‚Ä¶‚Ä¶.","March 22, 2024"
Kat7,5,I love the color way and style of the shoe. I will be buying more!,"March 23, 2024"
IdaS,5,"Really comfy shoes, true to size and so cool! I like the taupe beige colour.","March 22, 2024"
Marco,5,Must have for Mexico fans. Great quality and colors,"March 22, 2024"
Paliysm,5,"Stylish,comfortable,unique,light on the feet
It was my dream for a long time
And now I‚Äôm ready to sleep with them","March 22, 2024"
TonyK,4,"A good reliable classic‚Ä¶‚Ä¶‚Ä¶‚Ä¶‚Ä¶‚Ä¶‚Ä¶ ‚Ä¶‚Ä¶                       ‚Ä¶‚Ä¶‚Ä¶..
‚Ä¶‚Ä¶.","March 22, 2024"
soulman,5,great fit great st cred top looks stand out from the crowd,"March 22, 2024"
Gerard,5,I really love how its possible to get letters printed to personalise  these trainers . Great idea. Excellent service as always . Very happy customer,"March 22, 2024"
Smithy,5,"Excellent fit, great quality and comfortable. Look stylish, and slim fitting without being too tight","March 22, 2024"
TNichols,1,I was really excited to finally get a pair of gazelles that I haven't had since I was a teenager.   Unfortunately when I got them the sneaker box was extremely damaged and taped and the soles were dirty and scuffed.  The packing box was in great condition so they were shipped this way.  I ended up having to return them.,"March 22, 2024"
Kendo55,5,Hot I‚Äôve brought about 6 pair so far and would recommend,"March 22, 2024"
Mr.ECS-Man,5,"This shoes is perfectly fit on me. There‚Äôs d little tightness the  first time you wear it but as spon a you break-in the shoes for couple pf days, you will love it. I recommend it!","March 22, 2024"
CoCo,3,"stylish, cute color, looks great with any color clothing","March 22, 2024"
Kimberly,5,Perfect fashion shoe....I didn't want the neutral white with black that everyone is wearing... this is the next best thing.,"March 22, 2024"
Senya,5,"convenient and comfortable model, one of the favorites. corresponds to the size.","March 22, 2024"
HAST19,5,"Brightness of the color may vary depending on lighting and depending on the materials of the different styles of gazelles, the comfort may vary. Great shoe overall","March 22, 2024"
Darren65,5,"I had on black and white Gazelle shoes, I wanted so much this colour too
Very comfortable","March 21, 2024"
JoeM,5,"Love my new gazelle, white shoes they go great with all of my outfits","March 21, 2024"
ChiliCampos,5,The iconic Peruvian design featured on this Adidas edition is sure to evoke pride in any Peruvian. The clever blend of soft leather and gum sole is a stroke of genius. This shoe truly embodies our nation's spirit. Kudos for creating such a comfortable masterpiece.,"March 20, 2024"
Jami,5,"The colours are great, also it‚Äôs a very great and comfortable shoe","March 20, 2024"
AlexandraJ,5,Love the cranberry colour!  Gazelles are my fave.  Was looking for other colour combos but they sold out too fast.  But these are gorgeous.,"March 20, 2024"
Andy,5,Bought as a gift for my wife. As a none trainer wearer she loves them,"March 20, 2024"
Ants,5,Style and comfort. Always been a fan and happy with another pair,"March 20, 2024"
cgs26,5,great shoe comfortable good looking and it's my favorite team.,"March 20, 2024"
Alanc,4,I usually dont wear gazelle shoes but I do like this particular pair,"March 20, 2024"
BUCIO853,5,Definitely the color and design is amazing.  My wife enjoys wearing them.,"March 20, 2024"
Andy,5,Bought as a gift for my wife. As a none trainer wearer she loves them,"March 20, 2024"
Ants,5,Style and comfort. Always been a fan and happy with another pair,"March 20, 2024"
cgs26,5,great shoe comfortable good looking and it's my favorite team.,"March 20, 2024"
Alanc,4,I usually dont wear gazelle shoes but I do like this particular pair,"March 20, 2024"
BUCIO853,5,Definitely the color and design is amazing.  My wife enjoys wearing them.,"March 20, 2024"
Bluesuedeshoes,5,These are awesome and unique. Great pair to add to my collection of gazelles,"March 19, 2024"
KirstieD,5,Berry colour!  They look a little pinker in real life! Squeak when you first wear but love!,"March 19, 2024"
RocketNCW,5,Iconic trainers that look great and are so comfortable.,"March 19, 2024"
Dreamy,5,"Really comfortable and great colour choice, will buy more colours","March 19, 2024"
DanielaM,4,"Happy with the purchase, so light and comfortable.","March 19, 2024"
Irlanda,5,"I love gazelle, I have them in 3 colours. Green will be the next one.","March 18, 2024"
xxxx,5,Feel like .. kind of flat.. hope little more soles..,"March 18, 2024"
Shells,5,"I love these shoes so much. They‚Äôre maybe more comfortable than my Sambas! I love both for sure, but these red gazelles are more exciting. Remember to size down 0.5-1 sizes!","March 18, 2024"
duks95,5,"Amazing shoes, love the color combination, ti's even more beautifuil than on pictures.","March 18, 2024"
Caro,5,"..............................................
......","March 18, 2024"
Zinou29,5,"Original sneakers 
Goes with everything 
The color is funky 
Timeless !","March 18, 2024"
Neeve,5,All round good  Good price very good service. Will use again.,"March 18, 2024"
ravdani,5,"Great trainers, good fit and look perfect.. as always with Adidas get half a size up","March 18, 2024"
makelm,5,"Super nice shoe, I will definitely recommend to everyone","March 18, 2024"
RMB64,3,"comfy style but i don't like the fabric of the tongue , i can tell it will wear out and break up in time - would have preferred a leather tongue.","March 18, 2024"
sshock,5,Great product even better service. Fits as expected,"March 18, 2024"
Mike90,5,"Very confortable daily footwear - unchanged design and fitting since many, many years. Unfortunately, the sole gets worn out after a bit less than one year of daily ""usage"".","March 17, 2024"
Axel,5,"Awesome shoes, look very cool!  The colour is really nice in red and makes a nice change from the black and white ones","March 17, 2024"
Jimjam79,5,My son was over the moon to get these for his birthday,"March 17, 2024"
fragranceman,5,love the sleek profile and the stealth coloration ‚Ä¶ solid color makes this shoe very adaptable,"March 17, 2024"
Saffi,4,The styling and different color o ended up with yellow/orange,"March 17, 2024"
Nattyblower,5,"Great purchase, very comfortable to wear and beautiful color","March 17, 2024"
Skywalker,5,Love adidas products. Good quality and their team has integrity.,"March 17, 2024"
Dragon25,5,Unique colour combo stands out from the crowd. Very happy with the modern twist on a classic style trainer.,"March 17, 2024"
Lyn19,4,My husband loved his present and it was made extra special that if was personalised,"March 17, 2024"
Seanie68,5,Perfect colours go with anything that you wear and ok fit,"March 17, 2024"
Swagg,5,It's super comfortable  and a high degree of style,"March 17, 2024"
jmarch92,5,Dope shoe. Nice materials. Best out of the soccer pack,"March 17, 2024"
jameza369,5,Proper proper proper bangin pair of shoes I‚Äôm only writing this for points,"March 16, 2024"
J222,4,Very stylish. Fit is true to size. My 17 year old son is very pleased with them.,"March 16, 2024"
Tonynottom,5,Classic Adidas. Great fit with an inner sole as I'm in between UK 81/2 and 9.,"March 16, 2024"
bully72,5,the wife loves them best mother‚Äôs day present ever,"March 16, 2024"
Kobashi,5,"Buena calidad de materiales, entalle perfecto. Super recomendado.","March 16, 2024"
Hebhdydjals,5,Very good and comfortable shoes would recommend to others,"March 16, 2024"
Adman,5,"Upper, stripes, sole in black looks great. These will be my neutral, smart pair.","March 15, 2024"
Paul,5,"The adidas Gazelles in black with silver stripes stand out due to their timeless design and iconic branding. The combination of the classic black colorway with the striking silver stripes adds a touch of sophistication and versatility, making them suitable for various occasions. Additionally, the Gazelles are known for their comfort, durability, and cultural significance, making them a popular choice among sneaker enthusiasts.","March 15, 2024"
Fervm,5,"Fast delivery, and shoes are a really good material and well made","March 15, 2024"
mar111,5,super cute i love the color and they are comfy loveeee definitly get these,"March 15, 2024"
SuzyQNC,4,"These are so cute and extremely comfortable. They definitely run large so go down .5 size. The only ‚Äúissue‚Äù is the material
Of the tongue. It‚Äôs a little ‚Äúplastic‚Äù and stiff.","March 15, 2024"
NayNay,5,Very nice and comfortable shoe! I would definitely recommend you to purchase this shoe!,"March 15, 2024"
BizMiz,2,Color not matchinh in real vs pics. In real the Color was more ros√© than expected. Shoe itself was perfect and in good quality . Bought a different color in store,"March 15, 2024"
patpat,5,"nice and sweet    
sportswear for every generation","March 15, 2024"
Ejones,5,Arrived quickly and the perfect trainer! Colour slightly faded which looks great,"March 15, 2024"
Mumu74,5,Gazelles in funky retro colour ways are always a winner for me. Along with the usual excellent delivery service from Adidas. Will just keep on buying from a great retailer.,"March 15, 2024"
Shirley,5,"The design is lovely, they‚Äôre comfortable &amp; I‚Äôm so glad to add them to my collection!!","March 15, 2024"
ruru,5,the color is gorgeous and the shoe elevates my outfits; it's also very comfortable surprisingly for a shoes that sits so low below the ankles,"March 14, 2024"
"Inonowanna:,(",5,It was good it felt good and it was very comfortable,"March 14, 2024"
kg2345,5,"Had these for about a year now, quality still stands and gets even more comfortable over time. Size does run about half a size too big but put some thick insoles in a they fit perfect.","March 14, 2024"
Lauren06,5,"Love them, perfect colour, true to size and super comfy","March 14, 2024"
Sonny,5,All white Gazelle goes with everything for every occasion.,"March 14, 2024"
Bibi,5,"One of the most comfortable shoes ever had same as campus. Leather is nice and soft, only black shoes I would ever wear. All recommends","March 14, 2024"
Spoyd,5,"Great fit and very comfortable.
Best place to buy as I need size 13","March 14, 2024"
DrBoxie,5,An amazing shoe. Contemporary colours in a classic style.,"March 14, 2024"
hunter,5,the shoes are gorgelicious. very pretty and handsome and nicely sturdy üëç every full moon be sure to knead the material to ensure non-squeaky endeavors.,"March 14, 2024"
Bartender,5,"This adidas samba it‚Äôs just another great experience over the years of having them, of course it‚Äôs a different color way but the feeling it‚Äôs amazing, either to walk or to have them in a daily basis feels great","March 14, 2024"
Melba‚Äôs,1,I sent back for exchange for another size buy I didn‚Äôt get nothing they haven‚Äôt sent it back the shoes or the money so I‚Äôm disappointed,"March 14, 2024"
Bubs,5,Very comfortable great style and quality and look was ace,"March 13, 2024"
MaryLou,4,Very Nice shoes! Lovely colour and good fit. Highland reccomend them.,"March 13, 2024"
Rob21,5,"Classic silhouette, comfortable to wear and matches most outfits","March 13, 2024"
PushaP,5,Love the vintage feel I get from wearing these. They definitely stand out!,"March 13, 2024"
cadanceamelia,5,i love these trainers so much they are so comfy i wear them everyday,"March 13, 2024"
likeabutterfly,5,great design and fabric from a reputable brand.  The colour options will make you into.a collector,"March 13, 2024"
Kazza,5,Bought these for my son for Christmas. He loves them!!!,"March 13, 2024"
Kenneth,5,Classic sneaker for my daughter and she loves it. Will recommend,"March 13, 2024"
Chip,3,The first time the team had played a match was when they won a,"March 13, 2024"
DPGB,5,Awesome pair for couple as it is very colourful love it,"March 13, 2024"
Iketle,3,"They make a lot of noise and the tongue is too long, pushes into my ankles. Other than that they are comfortable and look good.","March 13, 2024"
Kaizer,5,Excellent! Can‚Äôt tell why 4 stars are missing above Germany logo. Could look much better. Great to have extra laces that came with (black?).,"March 12, 2024"
Jok27,5,These look great but the design on them seemed a bit off compared to my other gazelles,"March 12, 2024"
JLC7,5,"Just what I was looking for. Comfy, stylish and practical","March 12, 2024"
Evangrvs,5,"it cames very quickly, the delivery very short
ezfzefz
zfzefez","March 12, 2024"
Danny1878,5,"Best shoe‚Äôs ever!! These are my go to shoe, I have them in different colours as well, will only wear Adidas","March 12, 2024"
Hathor20,5,"Perfect quality and fast delivery! Very comfortable and stylish sneakers, I love it!","March 12, 2024"
JillyB,5,I love these shoes super comfortable and cute! The green color is very nice and really makes a statement. I would recommend going down a 1/2 to a full size I ordered my regular size 9 and they are a little big.,"March 12, 2024"
Soccerfan29,5,These shoes are fantastic! They look great and they are so comfortable. Couldn‚Äôt be happier with the fit.,"March 12, 2024"
Timo,4,"Super nice, super comfortable...BUT (at least now in the beginning) annoying squeaking in the upper part :(","March 12, 2024"
Aluketchup,5,I was unsure about the green color but when I got the shoe the color looks amazing and the shoe is comfortable,"March 12, 2024"
Drelle,5,This is my favourite since years and probably will be for life.,"March 12, 2024"
Marivel22,5,"Wore these at work with a suit, with jeans and get so many compliments. Super comfortable!","March 12, 2024"
gras,4,they‚Äôre so gorgeous and pretty! I love these shoes,"March 12, 2024"
Chels_bells,5,I wore them to travel and they were the perfect shoes for me. They went with almost everything. Dress them up or keep it casual.,"March 11, 2024"
Theobrfc,5,gggggdhrhehehrhehrhehegehehehrhrhrhrrbrhrhrhrhfnfnfn,"March 11, 2024"
Denise,5,"Perfect size , great colour, love the sole .so comfortable","March 11, 2024"
Moominmumma,4,love the fit and style and they are super comfortable...would be better if the tongue was not so plasticy,"March 11, 2024"
jut2k,5,"Classic Gazelle look with amazing comfort. Although white can be tricky to keep clean, these are back to their best with a wipe of a damp cloth.","March 11, 2024"
Baba,5,"Klassisch und perfekt, wunderbare Verarbeitung, tolle Passform","March 11, 2024"
tomaso,4,"the purism and the retro look
good fit and comfort","March 11, 2024"
Agss,5,"Ok, but not true to size. I had to send them back and wait g for proper size to back in stock","March 11, 2024"
jojo,5,I absolutely love these in grey I've now got a few pairs now my favourite trainners,"March 11, 2024"
Maddy7,5,Very cool! I live this color and style so much! Very stylish,"March 11, 2024"
Amira0907,4,"Super comfortable
Very light
The color is great - I received a lot of compliments","March 10, 2024"
UliMZ,5,It fits perfectly to different styles and is very comfortable.,"March 10, 2024"
Evie58,5,"Absolutely love them,so comfortable could wear them all day ‚≠êÔ∏è‚≠êÔ∏è‚≠êÔ∏è‚≠êÔ∏è‚≠êÔ∏è","March 10, 2024"
JO64,3,"The trainers look lovely and fitted well, but when I started walking the tongue kept digging into my ankle making them very uncomfortable which is a shame because I really like them, my blue Adidas trainers have a soft tongue and are soft and comfortable","March 10, 2024"
Sunniest,5,But to take the next size after yours: mine is 40 and 41 2/3 fits me better,"March 10, 2024"
Cola201,5,If you can‚Äôt get the Jersey just get these shoes and a white or red shirt. Support our team in Copa America! VAMOS PERU!!!,"March 9, 2024"
Jjcale,4,Enjoyable to wear. My friends are over the moon about it. Look like a right chav,"March 9, 2024"
Aidana,3,"It doesn‚Äôt match to the size chart, I ordered 38 size because there written that is 23,5 cm, but in fact it is 26cm. What should I do with this shoes, I am not in USA now, cannot do a return","March 9, 2024"
Detta,3,"The edge of the inner sole is sharp and rubs, the tongue looks really cheap and nasty and the laces are way too long, they look really cheap!","March 9, 2024"
DJones,5,"Smart trainers, well made, good quality, nice suede and very comfortable.","March 9, 2024"
Beeblin1,5,Bought daughter to wear around with friends. Went down so well she bought them for her mum on her birthday!,"March 9, 2024"
NikG,4,"Got the shoes for my wife, but she didn‚Äôt like the colour much.","March 9, 2024"
Ashton,5,Affordable and fashionable I love them ! Great choice in trainers,"March 8, 2024"
Bigs,5,Fit like a glove. Goes with everything and feels comfortable wearing all day.,"March 8, 2024"
PB120,5,"Comfortable and well constructed shoe.
Suggest ordering half size bigger than your normal for good fit.","March 8, 2024"
TraceyN21,5,"Look great, feel so comfortable. Can‚Äôt beat a classic trainer","March 8, 2024"
TPinto,5,"The colour was slightly different than the colour on the website, but still amazing","March 8, 2024"
Bigpepa1,5,Can't find these colors in the mall or other store front stores,"March 8, 2024"
Yero,5,I love I had the opportunity to do mix and match with my daughter‚Äôs shoes,"March 7, 2024"
Subrian,5,Felt I was very lucky to of gotten them. I love them!,"March 7, 2024"
TinaLove,5,The shoes fit perfectly and are very comfortable. The green color looks so great and is an eye-catcher.,"March 7, 2024"
Brucey,4,"Nice style, good fit, well made. Would recommend and buy again.","March 7, 2024"
CheSegovia,5,"Nephew loved the shoes, perfect for you or as a gift.","March 7, 2024"
Josm9013,5,"Love the quality and the color of the pair.
Also have the sambas","March 7, 2024"
Scooter,5,It's just a classic shoe!  I would like to see it in green with the white sole,"March 6, 2024"
Petter,3,The mark at the bottom of the shoe rubs off after two hours of use,"March 6, 2024"
CleatUs,5,These are easy to put on and wear in quickly without wearing out,"March 5, 2024"
Uikponuz,4,"Fits fine, suitable for the job.
Makes a little Sound while Walking. Therefore only 4 Stars.","March 5, 2024"
Jamesdenny,5,Nice trainers. Usually get them and always good quality.,"March 5, 2024"
Dogman,5,"It's not the first ""gazelle"" shoe I've bought. Always great","March 5, 2024"
Paul42,5,"This is my third pair of Gazelles now I absolutely love them. They‚Äôre comfy, stylish and pretty much go with anything.","March 5, 2024"
Gaelle,4,"Great great look, but small. Unfortunately I can not find a bigger size... Same for the color I originally wanted to order :(","March 5, 2024"
DNA70,5,Great retro shoe that‚Äôs true to the original. Looks great with anything. Casual or a suit.,"March 5, 2024"
dug10,5,great fit and comfortable for everyday wear and goes with a lot of outfits !!,"March 4, 2024"
Romanianhero,5,"Perfect fit and quality. Good quality, very easy to track the delivery.","March 4, 2024"
JacobPicko,5,A shoe for any sorta occasion really. Have used a lot.,"March 4, 2024"
Randy,5,Look great with anything‚Äîanything! Reason they have lasted!!,"March 4, 2024"
MissT,5,"My gazzelle's are so comfy and versatile i can wear them with jean, cords or even a dress","March 4, 2024"
Geoffbean,5,"My go to trainer looks good for many occasions, looking at getting another pair","March 4, 2024"
Stoni,5,"Cool colour, mu h choice in further colours, very good to wear!","March 4, 2024"
Lea47,5,"Got a half size bigger then normal fit as I didn't want them tight, they are so comfy and work well with both shorts and long pants.","March 4, 2024"
R2D217,5,Perfect fit as always. Stylish &amp; comfortable! Can‚Äôt get enough gazelles.,"March 4, 2024"
Scott,5,These turned to be exactly what I was looking for.,"March 4, 2024"
Chocolate,5,My Gazelle‚Äôs are a Soft feel and comfortable fit to wear all day!,"March 4, 2024"
Josh,5,"Exactly what I was looking for, I love them. I strongly recommend","March 4, 2024"
Lanie81,5,These are gorgeous. Colors are bright andy husband is excited to wear them,"March 4, 2024"
Glib08,5,These shoes are perfect for a basic closet staple. Perfect for any use!,"March 4, 2024"
b3nmate,5,"Very comfy on foot, practical- can be be used both to look good in and wear out just for a mess around, perfect for any football casuals.","March 4, 2024"
JOZO,5,"Perfect, althoug they are producing some strange kind of sound during walking. Maybe because they are brand new.","March 3, 2024"
BeAd,5,I like this design of the gazelle and the different colours,"March 3, 2024"
Roger,5,Sharp all black kicks that go with everything. I usually wear 11.5 in most but 11s are perfect in this model.,"March 3, 2024"
Ali9,5,"Great,impeccable Amazing amazing lovley good looking","March 3, 2024"
Tania,5,"I bought a half size up, very comfortable to wear at the office and the color ( white) is crisp.","March 3, 2024"
Anna,1,"Deasin is nice, but qualilty not. A little bit of leather and the rest plastic. You disappointed  adidas","March 3, 2024"
Nicolajane13,5,"Love this Adidas trainer, the design is beautiful.... I paid ¬£30 more on these trainers, i have the same colour which i purchased last year, but thesr are made better.... Very happy.. I have over 50 pairs of gazelle""s, my only complaint is i never get a discount that applys to my choice of trainer... Which are Gazelle, Stan smith and Samba, that would make my purchase 100%....","March 3, 2024"
Nessa,5,These are my 1st pair of Gazelles and they are super comfortable not to mention so stylish - love them! Now I‚Äôm ready to purchase a green pair and a purple pair‚Ä¶.,"March 3, 2024"
Jw01,4,Please make more size 4 1/2 in more colors. I have the red and they are perfect. The size 5 is too large. Thanks.,"March 2, 2024"
Adidas777,5,fits perfectly and it is the best shoes i ever wore from adidas,"March 2, 2024"
Mell,5,I love the design of these even as a woman I find them very aesthetically pleasing. I love retro stuff especially from the 80s and 90s and these are great.,"March 2, 2024"
Oosh,5,The shoe it‚Äôs self is made from great quality and is amazing to wear,"March 2, 2024"
tilly578,4,"these are such a nice colour combination 
and look reallly nice with lots of clothes","March 2, 2024"
Gazelle24,5,"What‚Äôs not to like, comfortable, on trend in this colour‚Ä¶ lovely!","March 2, 2024"
Huffy,5,Exactly what I was wanting. Classic look  and great fit.,"March 2, 2024"
Hajro88,5,Great quality and color.  Fits perfect.  Just in time for Saint Patrick's Day.,"March 2, 2024"
Morque,4,I reccomend the shoes . Very Comfortable and durable,"March 2, 2024"
NYpurchaser,4,Great look. The tongue squeaks but is easily fixed with a bit of vaseline. The tongue is a bit long and hits the lower part of my shin. Will take some breaking in...,"March 2, 2024"
Calcato,5,"The color is amazing, quality is also amazing and they are very comfortable.","March 1, 2024"
Jan680,4,"Had compliments already but not worn long so unable to comment much more. Look and feel great, hopefully this will last.","March 1, 2024"
elchinobrown,5,love the color and shoe style but i felt ir was too narrow for my foot felt a little tight on the tongue part of the show. and for some reason the shoes plasticky rubbery tongue makes the shoe squeak too much that walking makes a bit awkward in quiet places,"March 1, 2024"
Frankie4,5,Gazelle sneakers are a perfect sneaker for looking stylish and being comfortable. Adidas did awesome with the individual throwback country releases. Got several pairs to go with different outfits. Definitely a must for sneaker collections everywhere.,"March 1, 2024"
Peter,5,Argentina version is amazing.  Wife surprised me with another set.,"March 1, 2024"
Gary37,3,"Great classic trainer, loved the colour  - the main down fall was the colour fades quick quickly.","February 29, 2024"
Patander,5,Would definitely recommend and buy again.  100% satisfied,"February 29, 2024"
Aga2000,5,Originality of Adidas brand. Very classy design. Lovely deep colour.,"February 29, 2024"
luccio01,5,Great and very nice with my name and my birthday date,"February 29, 2024"
Maxi,1,"The wrong trainer arrived , ‚ùóÔ∏è‚ùóÔ∏è‚ùóÔ∏èPhoto was black trainer and grey base and stripes .
Blue trainer arrived with base , tongue and stripes in black ü§∑üèº‚Äç‚ôÇÔ∏èü§∑üèº‚Äç‚ôÇÔ∏èü§∑üèº‚Äç‚ôÇÔ∏èü§¨ü§¨ü§¨","February 29, 2024"
PatB,4,"Great look! Classic! Fits well and comfortable.  However, quite squeaky so far ‚Ä¶.","February 29, 2024"
fanthomastisch,5,"It is comfortable, nice colours, matches with my clothes","February 29, 2024"
Broonay86,5,"Well presented, classic style, adaptable to numerous outfits","February 29, 2024"
thebeaz,5,great with a light pair of trousers and with summer coming that will be the perfect match,"February 29, 2024"
Angi,5,Love the colour and style. It seems to be the tongue that makes the squeaky sound,"February 29, 2024"
Daisy25,5,"These are my first pair of Gazelles as I usually have Jeans, however I can see this is going to be the start of a whole new collection! They fit really well, are super comfy, nice and bouncy and each time they‚Äôve been out they‚Äôve been complimented.","February 29, 2024"
DocMD27,5,"Grabbed the colorway that is tan with black stripes.  They look so sweet.  The tongue feels a little weird, but the insole and the outer parts of the shoe are made with an extremely comfortable material and I could not recommend this shoe enough.","February 29, 2024"
shannon,5,excellent quality and loved the fact i could customise these trainers my partner loved these for valentines and was over the moon with his nick name on,"February 28, 2024"
Nac24,5,"Great shoes  ever I love the colors 
My girlfriend like them","February 28, 2024"
Perry44,4,"Very beautiful product.
It's very comfortable tu wear in urban places.","February 27, 2024"
Kacky27,5,Its one of the fashionable shoes of addidas and cheP,"February 27, 2024"
FerV,5,"very comfortable, great style. I bought the dark red and I love it!","February 27, 2024"
KM09,5,Bought for my daughter - she's delighted with them.,"February 27, 2024"
Aloneking,4,The fit was a bit on lose side due to the narrow front but it is comfortable shoes,"February 27, 2024"
Kingy69,5,I love the comfort and the way it morphs around my feet,"February 27, 2024"
Gabriel,3,"Skoen presser inn p√• siden av foten, m√•tte ta ut inners√•len og l√∏sne lissene veldig mye for den ikke skal stoppe all blodsirkulasjon","February 27, 2024"
TonyG,5,"The padding and lining make this really comfortable as well as looking great.  The colour is exactly what I was looking for too.  Came with a spare pair of colour contrast laces which was a nice touch. I normally wear a size 12 but found that I needed a half-size bigger, but the fit is great.","February 27, 2024"
Polly,5,Great quality material. The size fits as expected. Comfortable and breathy. Suede is looking good!,"February 27, 2024"
Soccrmd,5,Anything Man United and Adidas is the best collaboration.,"February 27, 2024"
Tata,5,A very good shoe to run a marathon in but it is also good for track,"February 27, 2024"
Sidla,5,Stylish comfortable nice vibrant color way. Shoe is wider so you can size down. But would recommend normal size,"February 27, 2024"
Sunny,1,"Very slow delivery, received 17 days after purchase","February 26, 2024"
ChefsKissSneakers,5,When you don‚Äôt want to be stuffy but you still want to make a statement these shoes do it. The silhouette matched with the texture of the suede is chef‚Äôs kiss perfect.,"February 26, 2024"
TH13,5,Great nostalgic purchase.  Just as I remembered except more comfortable.,"February 26, 2024"
juan12,5,"Love the colour, super vibrant and great for the summer.","February 26, 2024"
Migidimick,5,This color scheme matches a track suit I already have so I‚Äôm super stoked for these!,"February 26, 2024"
Boby,5,Nikel perfect cool coooooolllllll I do a good choice,"February 26, 2024"
charlotte,5,Really comfortable and color is great! Will definitely get them in another color,"February 26, 2024"
Quique,5,Quality and style come together for this shoe. Will get it again,"February 26, 2024"
Jas5,5,These are very low drop shoes but with great arch support. They are incredibly comfortable out of the box.,"February 26, 2024"
Goblue,5,Own 3 pairs and will likely get more colors. Complimented on all of these shoes so many times!,"February 26, 2024"
JarenDraws,5,I loved them they fit great and are super stylish and comfortable.,"February 26, 2024"
Barnaby,5,Currently convincing myself that I do not need these in all the colors.  I highly recommend you get one. They‚Äôre sold out in some colors for good reason.,"February 26, 2024"
Ceee,5,The style is great! Goes great with your Real Madrid gear!,"February 26, 2024"
Jman,5,The color and look is amazing. I had a pair similar when I was younger and they‚Äôve brought back great memories,"February 25, 2024"
Kate,5,As fab as I had hoped they would be and v comfortable. Perfect.,"February 25, 2024"
Tine24,5,"Comfortable, always choose these. Lovely colour too","February 25, 2024"
Juju,5,"Old favourites always received quickly , would recommend","February 25, 2024"
Bobbi56,4,It s very pretty but the color on the stripes is not very visible,"February 25, 2024"
Ginger,5,Great trainers . Nice fit and comfy . Very light on your feet,"February 25, 2024"
Anilomidze,5,"Its so comfortable, I love adidas so much, its so nice","February 25, 2024"
PapaBelle,5,Very comfortable and the quality is great. The gazelle is a classic and this shoe holds true to that.,"February 24, 2024"
glib1234,5,It‚Äôs really beautiful and comfortable! I can‚Äôt wait to use them in spring and summer!!,"February 24, 2024"
Sarahnic,5,"Perfect as described great fit 
Love gazelles will be buying again","February 24, 2024"
Fliss13,4,The trainers are lovely. The fit and style are perfect. The only issue is the colour. They are a much brighter blue than shown in picture.,"February 24, 2024"
Jay00,4,a little squeaky &amp; a bit narrow. wish they offered a wider fit.,"February 24, 2024"
Cwoods77,5,I love my gazelles. It‚Äôs my second pair. Digging these all black ones though.,"February 24, 2024"
Sofia,5,It was a gift for my husband and he loved them! Perfect fit,"February 24, 2024"
Bev000,1,Loved the look but unfortunately the tongue part of the trainer comes too high on my foot making it instantly uncomfortable to wear.,"February 23, 2024"
AgaM,5,My daughter loves the colour combination and finds those beautiful shoes very comfortable. She is very happy with the purchase,"February 23, 2024"
KladdoFanks,5,They go on my feet real good. And keep them dry. Chamone.,"February 23, 2024"
SalomeGM,5,Great purchase - goes with everything. Color is incredible,"February 23, 2024"
Jenn,5,Love the colour not red red but a bit raspberry red. Wusged ud ordered a 1/2 size bigger as they feel a little short . Otherwise love em .,"February 22, 2024"
Chucho,5,Great looking shoes for work out and the streets and easy to wear color.,"February 22, 2024"
Lynnguine,5,"It‚Äôs a gazelle, I‚Äôm not sure they‚Äôve changed the formula on these in awhile so if you‚Äôve had one before you can expect a similar product","February 22, 2024"
tali,3,They sent me the wrong size and the shoes were so squeaky,"February 22, 2024"
SazM,5,"Fantastic trainers, prompt and efficient service. I‚Äôd definitely recommend üëç","February 22, 2024"
Kels,5,"Love these trainers, they are a great fit!!!!! Would buy again","February 22, 2024"
KGToyz,4,This product has lasted me very long and fits perfectly.,"February 22, 2024"
photodr529,5,"I will be buying more!
Casual or formal Clothes!!!","February 21, 2024"
Blighty76,5,Will look good with lots of outfits. My new favourite trainers.,"February 21, 2024"
Alin,5,"Very good quality,easy to wear,can be assorted with a lot of outfits","February 21, 2024"
Freako99,5,The shoes are diva boots the house down when i go down the street people yell out sissy that walk bec my shoes are so fabulous.,"February 21, 2024"
SGFTH,5,"Just the usual comfortable gazelles, cannot go wrong","February 21, 2024"
Inestable,5,"They‚Äôre perfect, I love the color and the fit!!!


I recommend this shoes.","February 21, 2024"
behen,5,"loved the design and the fit, gonna wear that every now other day","February 21, 2024"
Ryan,5,"The color is vibrant and the shoe fits perfectly, it slips on and off without having to tie/untie but isn‚Äôt loose. Sleek, classic design.","February 21, 2024"
Murrdog4,5,These make the perfect gift because they go with any outfit!,"February 21, 2024"
lisama,1,"i am happy, I recommend for the other customers ,my daughter is happy","February 20, 2024"
12344,5,Really comfortable and fits true to size perfectly,"February 20, 2024"
Mary,5,Running large . I ordered a size 7 and I‚Äôm usually 8 regular and it‚Äôs big,"February 20, 2024"
RavJam,5,Love the personal stamping. Would for sure buy another pair.,"February 20, 2024"
AM03,3,Too narrow and too much space around the heel. Could be better,"February 20, 2024"
Lu23,4,I actually decided not to buy and went with a different colour as I didn‚Äôt think a beige suede was very practical for me. The quality of shoes was great though.,"February 20, 2024"
LaureU,5,Great ! Perfect ! Fabulous ! Excellent ! Love it !,"February 20, 2024"
SuedePatina,5,"These instantly became my go-to shoe. They‚Äôre not the easiest to clean but I don‚Äôt mind a suede patina. In terms of comfort I‚Äôd say they‚Äôre pretty good. I don‚Äôt do any intense form of walking with these, but they‚Äôre a great every day pair of sneakers.","February 20, 2024"
St.Ophas,5,Can wear with almost any fit. Shorts or long pants,"February 20, 2024"
Mo-P,5,I will buy this shoe over and over again if I have to,"February 20, 2024"
KAROTR,5,"my son loves these sneakers, they are versatile and comfortable","February 20, 2024"
ES90,5,"Another great colorway for a timeless silhouette, GGMU","February 19, 2024"
Lol123,5,"It was good, the fit was abit big but I think I got the wrong size","February 19, 2024"
Dogsandshoes,5,Perfect casual everyday shoe. Comfortable and classic style.,"February 19, 2024"
Zoes108,5,Fab shoes. Really comfortable. Love this colourway,"February 19, 2024"
Emily,5,"Great colour, nearly nude und fit perfectly already wearing the first time.","February 19, 2024"
Ewe1ch,5,"Unique style, that you don‚Äôt see every day. On my fourth pair, this is my first time trying the navy color. Had several positive comments","February 19, 2024"
Brax,5,I love this show due to having it while I was younger!  I love the look!,"February 19, 2024"
mariammgul,5,"The color, loovee iit!! Most comfortable for me 33","February 19, 2024"
Merv,5,Style that has lasted the test of time and will always be,"February 19, 2024"
Britt,4,"Ok. Just Bought, because Samba alwasy sold out. But they're ok.","February 19, 2024"
Justine,5,"This product is so swag, perferct quality. I‚Äôm completly satisfed","February 19, 2024"
Sal62,5,"So comfortable from the start. No breaking in, rubbing or plisters!  And they look great too.","February 19, 2024"
Aabecerra30,4,Runs too tight if you have a wide foot but length is fine,"February 19, 2024"
Samtasticlysam,5,"Beyond comfortable, great true to size shoe, plus the fact it‚Äôs arsenal makes it even better!","February 19, 2024"
Willie,5,"I‚Äôve always loved the Gazelle. In fact I have  multiple pairs, just not any in red and black. Now I do. Extremely comfortable and they‚Äôll never go out of style.","February 19, 2024"
KatieH,5,"I love these shoes. They fit perfectly and don‚Äôt hurt my feet after wearing them for an extended time, like other shoes often do. Highly recommend.","February 19, 2024"
Farhanball,5,Say less end the talking quality pair of shoes and absolutely breathtaking colour,"February 18, 2024"
JH1991,5,"I wear these shoes in a warehouse for up to 18 hours a night. They were comfortable right out of the box and are holding up well. The gazelle and the original longer tongue sambas are the best sneakers I have ever owned. If you‚Äôre debating on buying them, just stop and buy them.","February 18, 2024"
Marston23,5,So this was nearly perfect as the price was really perfect,"February 18, 2024"
Isabelle,4,"Yes, perfect shoes and Color bleu orange grey etc‚Ä¶","February 18, 2024"
Fab31,5,They are very beautiful and comfortable. I am fully satisfied,"February 18, 2024"
Itsmisterb,5,"True to size, comfy, look great. And I‚Äôm going to buy another pair in a different colour way..","February 18, 2024"
Juls,5,Trendy comfortable and versatile trainers which can be worn with anything,"February 18, 2024"
DimiT,3,"I ordered this product and was excited but unfortunately when it arrived the quality was not great the suede looks as if is used has white patches and looks worn out 
I returned them and went for the samba black leather that are great","February 18, 2024"
Cutch12,5,"My Son loved these , he was very happy them , he was after some trainers to match a t shirt","February 18, 2024"
